
delete from car_event;
delete from employee;
delete from user_info;
delete from location;
delete from dict_reference;
delete from dict_rubric;

--
-- Data for Name: location; Type: TABLE DATA; Schema: public; Owner: report
--

----- ЦО
INSERT INTO public.location(
            id, address, location_type)
    VALUES ('1', '(ЦО) Лубянский пр-д, 9 строение 1, Москва, 101000', 'head_office');
-- прокат 1
INSERT INTO public.location(
            id, address, location_type)
    VALUES ('2', '1-я Брестская ул., 2, Москва, 125047', 'rental_station');
--прокат
INSERT INTO public.location(
            id, address, location_type)
    VALUES ('3', 'Кожевническая ул., 2, Москва, 115114', 'rental_station');
-- пункт обслуживания
INSERT INTO public.location(
            id, address, location_type)
    VALUES ('4', '(Станция обсуживнаия) Лубянский пр-д, 9 строение 1, Москва, 101000', 'service_station');
-- прокат
INSERT INTO public.location(
            id, address, location_type)
    VALUES ('5', 'Рогожский Вал ул., 9/2, Москва, 109544', 'rental_station');
-- прокат
INSERT INTO public.location(
            id, address, location_type)
    VALUES ('6', 'Авиамоторная ул., 30А, Москва, 111024', 'rental_station');
-- прокат
INSERT INTO public.location(
            id, address, location_type)
    VALUES ('7', 'Крюковская ул., 23, Москва, 111020', 'rental_station');



-- администратор
INSERT INTO user_info(
  login, password_hash, role, location_id, id)
VALUES ('administrator1', 'administrator1', 'administrator', '1', '1');

INSERT INTO user_info(
  login, password_hash, role, location_id, id)
VALUES ('management1', 'management1', 'management', '1', '2');

----
----- Пользователи для точки проката 2

INSERT INTO user_info(
  login, password_hash, role, location_id, id)
VALUES ('administrator2', 'administrator2', 'administrator', '2', '3');

INSERT INTO user_info(
  login, password_hash, role, location_id, id)
VALUES ('rental_manager2', 'rental_manager2', 'rental_manager', '2', '4');

---
---Пользователи для точки проката 3

INSERT INTO user_info(
  login, password_hash, role, location_id, id)
VALUES ('administrator3', 'administrator3', 'administrator', '3', '5');

INSERT INTO user_info(
  login, password_hash, role, location_id, id)
VALUES ('rental_manager3', 'rental_manager3', 'rental_manager', '3', '6');
---
---Пользователи для точки обслуживания 4

INSERT INTO user_info(
  login, password_hash, role, location_id, id)
VALUES ('administrator4', 'administrator4', 'administrator', '4', '7');

INSERT INTO user_info(
  login, password_hash, role, location_id, id)
VALUES ('service_manager4', 'service_manager4', 'service_manager', '4', '8');
---
---Пользователи для точки проката 5

INSERT INTO user_info(
  login, password_hash, role, location_id, id)
VALUES ('administrator5', 'administrator5', 'administrator', '5', '9');

INSERT INTO user_info(
  login, password_hash, role, location_id, id)
VALUES ('rental_manager5', 'rental_manager5', 'rental_manager', '5', '10');
---
---Пользователи для точки проката 6

INSERT INTO user_info(
  login, password_hash, role, location_id, id)
VALUES ('administrator6', 'administrator6', 'administrator', '6', '11');

INSERT INTO user_info(
  login, password_hash, role, location_id, id)
VALUES ('rental_manager6', 'rental_manager6', 'rental_manager', '6', '12');
---
---Пользователи для точки проката 7

INSERT INTO user_info(
  login, password_hash, role, location_id, id)
VALUES ('administrator7', 'administrator7', 'administrator', '7', '13');

INSERT INTO user_info(
  login, password_hash, role, location_id, id)
VALUES ('rental_manager7', 'rental_manager7', 'rental_manager', '7', '14');

--
-- Data for Name: dict_reference; Type: TABLE DATA; Schema: public; Owner: report
--

--
-- Data for Name: dict_rubric; Type: TABLE DATA; Schema: public; Owner: report
--

INSERT INTO public.dict_rubric (code, title, system) VALUES ('car_status', 'Статус автомобиля', true);
INSERT INTO public.dict_rubric (code, title, system) VALUES ('employee_role', 'Роль сотрудника', true);
INSERT INTO public.dict_rubric (code, title, system) VALUES ('location_type', 'Тип локации', true);
INSERT INTO public.dict_rubric (code, title, system) VALUES ('position', 'Должность', true);
INSERT INTO public.dict_rubric (code, title, system) VALUES ('car_mark', 'Марка автомобиля', true);


INSERT INTO public.dict_reference (code, title, system, rubric_code, active) VALUES ('rental_station', 'Пункт проката', true, 'location_type', true);
INSERT INTO public.dict_reference (code, title, system, rubric_code, active) VALUES ('service_station', 'Пункт обслуживания', true, 'location_type', true);
INSERT INTO public.dict_reference (code, title, system, rubric_code, active) VALUES ('head_office', 'Головной офис', true, 'location_type', true);
INSERT INTO public.dict_reference (code, title, system, rubric_code, active) VALUES ('ready', 'В наличии', true, 'car_status', true);
INSERT INTO public.dict_reference (code, title, system, rubric_code, active) VALUES ('in_use', 'В прокате', true, 'car_status', true);
INSERT INTO public.dict_reference (code, title, system, rubric_code, active) VALUES ('in_service', 'На обслуживании', true, 'car_status', true);
INSERT INTO public.dict_reference (code, title, system, rubric_code, active) VALUES ('decommissioned', 'Выбыл из автопарка', true, 'car_status', true);
INSERT INTO public.dict_reference (code, title, system, rubric_code, active) VALUES ('management', 'Руководство', true, 'employee_role', true);
INSERT INTO public.dict_reference (code, title, system, rubric_code, active) VALUES ('rental_manager', 'Менеджер по прокату', true, 'employee_role', true);
INSERT INTO public.dict_reference (code, title, system, rubric_code, active) VALUES ('service_manager', 'Менеджер по обслуживанию', true, 'employee_role', true);
INSERT INTO public.dict_reference (code, title, system, rubric_code, active) VALUES ('administrator', 'Администратор', true, 'employee_role', true);
INSERT INTO public.dict_reference (code, title, system, rubric_code, active) VALUES ('lexus', 'Lexus', true, 'car_mark', true);
INSERT INTO public.dict_reference (code, title, system, rubric_code, active) VALUES ('bmw', 'BMW', true, 'car_mark', true);
INSERT INTO public.dict_reference (code, title, system, rubric_code, active) VALUES ('audi', 'Audi', true, 'car_mark', true);
INSERT INTO public.dict_reference (code, title, system, rubric_code, active) VALUES ('mercedes', 'Mercedes-Benz', true, 'car_mark', true);
INSERT INTO public.dict_reference (code, title, system, rubric_code, active) VALUES ('ford', 'Ford', true, 'car_mark', true);
INSERT INTO public.dict_reference (code, title, system, rubric_code, active) VALUES ('kia', 'KIA', true, 'car_mark', true);
INSERT INTO public.dict_reference (code, title, system, rubric_code, active) VALUES ('mazda', 'Mazda', true, 'car_mark', true);
INSERT INTO public.dict_reference (code, title, system, rubric_code, active) VALUES ('volkswagen', 'Volkswagen', true, 'car_mark', true);
INSERT INTO public.dict_reference (code, title, system, rubric_code, active) VALUES ('lada', 'LADA', true, 'car_mark', true);
INSERT INTO public.dict_reference (code, title, system, rubric_code, active) VALUES ('renault', 'Renault', true, 'car_mark', true);
INSERT INTO public.dict_reference (code, title, system, rubric_code, active) VALUES ('peugeot', 'Peugeot', true, 'car_mark', true);

INSERT INTO public.dict_reference(
            code, title, system, rubric_code, active)
    VALUES ('director', 'Директор', true, 'position', true);

INSERT INTO public.dict_reference(
            code, title, system, rubric_code, active)
    VALUES ('senior_administrator', 'Старший администратор', true, 'position', true);

INSERT INTO public.dict_reference(
            code, title, system, rubric_code, active)
    VALUES ('senior_rental_manager', 'Старший менеджер проката', true, 'position', true);

INSERT INTO public.dict_reference(
            code, title, system, rubric_code, active)
    VALUES ('senior_service_manager', 'Старший менеджер обслуживания', true, 'position', true);


--
-- Data for Name: employee; Type: TABLE DATA; Schema: public; Owner: report
--

INSERT INTO public.employee (id, name, surname, patronymic, passport_series, passport_number, birthday, "position", appointment_date, location_id, user_id, active) VALUES (2, 'Станислав', 'Брагин', 'Гавриилович', '2945', '206534', '1979-05-04', 'management', '2017-09-30', 1, 2, true);
INSERT INTO public.employee (id, name, surname, patronymic, passport_series, passport_number, birthday, "position", appointment_date, location_id, user_id, active) VALUES (3, 'Василий', 'Филиппов', 'Николаевич', '6426', '244653', '1995-05-02', 'administrator', '2017-12-19', 2, 3, true);
INSERT INTO public.employee (id, name, surname, patronymic, passport_series, passport_number, birthday, "position", appointment_date, location_id, user_id, active) VALUES (4, 'Вячеслав', 'Самойлов', 'Андрейевич', '4653', '234875', '1979-03-01', 'rental_manager', '2017-08-11', 2, 4, true);
INSERT INTO public.employee (id, name, surname, patronymic, passport_series, passport_number, birthday, "position", appointment_date, location_id, user_id, active) VALUES (5, 'Тимофей', 'Лобанов', 'Владимирович', '5976', '234751', '1979-12-13', 'administrator', '2017-08-21', 3, 5, true);
INSERT INTO public.employee (id, name, surname, patronymic, passport_series, passport_number, birthday, "position", appointment_date, location_id, user_id, active) VALUES (6, 'Светлана', 'Меркушева', 'Олеговна', '2349', '234759', '1979-02-23', 'rental_manager', '2017-08-31', 3, 6, true);
INSERT INTO public.employee (id, name, surname, patronymic, passport_series, passport_number, birthday, "position", appointment_date, location_id, user_id, active) VALUES (7, 'Игорь', 'Кононов', 'Борисович', '4628', '125470', '1988-12-13', 'administrator', '2017-11-29', 4, 7, true);
INSERT INTO public.employee (id, name, surname, patronymic, passport_series, passport_number, birthday, "position", appointment_date, location_id, user_id, active) VALUES (8, 'Павел', 'Стрелков', 'Вячеславович', '2580', '120579', '1982-03-03', 'rental_manager', '2017-10-30', 4, 8, true);
INSERT INTO public.employee (id, name, surname, patronymic, passport_series, passport_number, birthday, "position", appointment_date, location_id, user_id, active) VALUES (9, 'Марина', 'Стрелкова', 'Станиславовна', '2580', '349520', '1998-12-12', 'administrator', '2018-05-08', 5, 9, true);
INSERT INTO public.employee (id, name, surname, patronymic, passport_series, passport_number, birthday, "position", appointment_date, location_id, user_id, active) VALUES (10, 'Людмила', 'Ларионова', 'Ярославовна', '2584', '659120', '1979-11-11', 'rental_manager', '2017-10-30', 5, 10, true);
INSERT INTO public.employee (id, name, surname, patronymic, passport_series, passport_number, birthday, "position", appointment_date, location_id, user_id, active) VALUES (11, 'Артём', 'Лаврентьев', 'Эдуардович', '3490', '259459', '1988-03-02', 'administrator', '2017-12-29', 6, 11, true);
INSERT INTO public.employee (id, name, surname, patronymic, passport_series, passport_number, birthday, "position", appointment_date, location_id, user_id, active) VALUES (12, 'Святослав', 'Дроздов', 'Владиславович', '5640', '594387', '1984-12-02', 'rental_manager', '2017-11-09', 6, 12, true);
INSERT INTO public.employee (id, name, surname, patronymic, passport_series, passport_number, birthday, "position", appointment_date, location_id, user_id, active) VALUES (13, 'Гавриил', 'Соболев', 'Станиславович', '9564', '234590', '1991-03-01', 'administrator', '2017-12-19', 7, 13, true);
INSERT INTO public.employee (id, name, surname, patronymic, passport_series, passport_number, birthday, "position", appointment_date, location_id, user_id, active) VALUES (14, 'Аркадий', 'Уваров', 'Валентинович', '4851', '349501', '1990-01-04', 'rental_manager', '2018-02-17', 7, 14, true);

--
-- Data for Name: car_event; Type: TABLE DATA; Schema: public; Owner: report
--
INSERT INTO public.car_event (id, year, mark, mileage, prev_maintenance_date, next_maintenance_date, current_status, current_status_date, next_status, next_status_date, state, location_id, current_location_id, reg_number, message_date, message_type, user_name, car_id, employee_id) VALUES (471, 2013, 'volkswagen', 256493.59, '2018-04-26', '2018-05-16', 'decommissioned', '2018-05-27', NULL, NULL, 'DECOMMISSIONED', 3, 3, 'M659CO99', '2018-06-08 09:36:49.737', 'DELETE', 'administrator1', 29, NULL);
INSERT INTO public.car_event (id, year, mark, mileage, prev_maintenance_date, next_maintenance_date, current_status, current_status_date, next_status, next_status_date, state, location_id, current_location_id, reg_number, message_date, message_type, user_name, car_id, employee_id) VALUES (472, 1983, 'asd', 1000.10, '2018-06-06', '2018-06-06', 'asd', '2018-06-06', 'asd', '2018-06-06', 'READY', 123, NULL, 'asd', '2018-06-08 09:38:15.418', 'DELETE', 'administrator1', 511, NULL);
INSERT INTO public.car_event (id, year, mark, mileage, prev_maintenance_date, next_maintenance_date, current_status, current_status_date, next_status, next_status_date, state, location_id, current_location_id, reg_number, message_date, message_type, user_name, car_id, employee_id) VALUES (473, 1983, 'asd', 1000.10, '2018-06-06', '2018-06-06', 'asd', '2018-06-06', 'asd', '2018-06-06', 'READY', 123, NULL, 'asd', '2018-06-08 09:39:30.038', 'DELETE', 'administrator1', 510, NULL);
INSERT INTO public.car_event (id, year, mark, mileage, prev_maintenance_date, next_maintenance_date, current_status, current_status_date, next_status, next_status_date, state, location_id, current_location_id, reg_number, message_date, message_type, user_name, car_id, employee_id) VALUES (474, 1983, 'asd', 1000.10, '2018-06-06', '2018-06-06', 'asd', '2018-06-06', 'asd', '2018-06-06', 'READY', 123, NULL, 'asd', '2018-06-08 09:47:55.505', 'DELETE', 'administrator1', 508, NULL);
INSERT INTO public.car_event (id, year, mark, mileage, prev_maintenance_date, next_maintenance_date, current_status, current_status_date, next_status, next_status_date, state, location_id, current_location_id, reg_number, message_date, message_type, user_name, car_id, employee_id) VALUES (335, 2012, 'kia', 2347562.53, '2018-04-17', '2018-05-07', 'decommissioned', '2018-05-31', 'in_service', '2018-07-07', 'DECOMMISSIONED', 3, 3, 'H597TB99', '2018-06-07 20:37:47.563', 'UPDATE', 'service_manager4', 9, 3);
INSERT INTO public.car_event (id, year, mark, mileage, prev_maintenance_date, next_maintenance_date, current_status, current_status_date, next_status, next_status_date, state, location_id, current_location_id, reg_number, message_date, message_type, user_name, car_id, employee_id) VALUES (337, 2012, 'kia', 2347562.53, '2018-04-17', '2018-05-07', 'decommissioned', '2018-05-31', 'in_service', '2018-07-03', 'DECOMMISSIONED', 3, 3, 'H597TB99', '2018-06-07 19:44:07.365', 'UPDATE', 'administrator1', 9, 3);
INSERT INTO public.car_event (id, year, mark, mileage, prev_maintenance_date, next_maintenance_date, current_status, current_status_date, next_status, next_status_date, state, location_id, current_location_id, reg_number, message_date, message_type, user_name, car_id, employee_id) VALUES (475, 1992, 'audi', 45354, '2018-06-08', '2018-06-08', 'ready', '2018-06-08', '', '2018-06-08', 'READY', 3, 3, '45645', '2018-06-08 13:10:16.571', 'ADD', 'administrator1', 538, NULL);
INSERT INTO public.car_event (id, year, mark, mileage, prev_maintenance_date, next_maintenance_date, current_status, current_status_date, next_status, next_status_date, state, location_id, current_location_id, reg_number, message_date, message_type, user_name, car_id, employee_id) VALUES (476, 2015, 'audi', 45354, '2018-06-08', '2018-06-08', 'ready', '2018-06-08', '', '2018-06-08', 'READY', 3, 3, '7777', '2018-06-08 13:11:22.787', 'UPDATE', 'administrator1', 538, NULL);
INSERT INTO public.car_event (id, year, mark, mileage, prev_maintenance_date, next_maintenance_date, current_status, current_status_date, next_status, next_status_date, state, location_id, current_location_id, reg_number, message_date, message_type, user_name, car_id, employee_id) VALUES (477, 2013, 'volkswagen', 234659.43, '2018-05-25', '2018-06-25', 'in_use', '2018-06-08', 'in_use', '2018-06-15', 'IN_USE', 5, 6, 'C234CA77', '2018-06-08 13:23:39.651', 'UPDATE', 'administrator1', 32, NULL);
INSERT INTO public.car_event (id, year, mark, mileage, prev_maintenance_date, next_maintenance_date, current_status, current_status_date, next_status, next_status_date, state, location_id, current_location_id, reg_number, message_date, message_type, user_name, car_id, employee_id) VALUES (478, 2013, 'volkswagen', 234659.43, '2018-05-25', '2018-06-25', 'decommissioned', '2018-06-08', 'in_use', '2018-06-15', 'DECOMMISSIONED', 5, 6, 'C234CA77', '2018-06-08 13:23:57.524', 'UPDATE', 'administrator1', 32, NULL);
INSERT INTO public.car_event (id, year, mark, mileage, prev_maintenance_date, next_maintenance_date, current_status, current_status_date, next_status, next_status_date, state, location_id, current_location_id, reg_number, message_date, message_type, user_name, car_id, employee_id) VALUES (338, 2017, 'mazda', 12447.99, '2018-04-11', '2018-06-20', 'READY', '2018-05-07', 'in_use', '2018-06-08', 'READY', 123, NULL, 'T669HM99', '2018-06-07 19:59:42.425', 'ADD', 'administrator1', 532, 3);
INSERT INTO public.car_event (id, year, mark, mileage, prev_maintenance_date, next_maintenance_date, current_status, current_status_date, next_status, next_status_date, state, location_id, current_location_id, reg_number, message_date, message_type, user_name, car_id, employee_id) VALUES (339, 2010, 'ford', 3107642.18, '2018-02-26', '2018-04-29', 'DECOMMISSIONED', '2018-04-19', NULL, NULL, 'READY', 3, NULL, 'A675OB77', '2018-06-07 20:06:56.723', 'UPDATE', 'administrator1', 20, 3);
INSERT INTO public.car_event (id, year, mark, mileage, prev_maintenance_date, next_maintenance_date, current_status, current_status_date, next_status, next_status_date, state, location_id, current_location_id, reg_number, message_date, message_type, user_name, car_id, employee_id) VALUES (340, 2017, 'renault', 22156.49, '2018-04-25', '2018-06-09', 'ready', '2018-06-01', NULL, NULL, 'READY', 2, 3, 'O465MA99', '2018-06-07 20:06:59.765', 'ADD', 'administrator1', 21, 3);
INSERT INTO public.car_event (id, year, mark, mileage, prev_maintenance_date, next_maintenance_date, current_status, current_status_date, next_status, next_status_date, state, location_id, current_location_id, reg_number, message_date, message_type, user_name, car_id, employee_id) VALUES (341, 2015, 'mazda', 12447.99, '2018-04-11', '2018-06-20', 'ready', '2018-05-07', 'in_use', '2018-06-08', 'READY', 3, 3, 'T669HM99', '2018-06-07 20:06:59.767', 'ADD', 'administrator1', 22, 3);
INSERT INTO public.car_event (id, year, mark, mileage, prev_maintenance_date, next_maintenance_date, current_status, current_status_date, next_status, next_status_date, state, location_id, current_location_id, reg_number, message_date, message_type, user_name, car_id, employee_id) VALUES (342, 2018, 'lexus', 691.13, '2018-05-26', '2018-06-16', 'in_service', '2018-05-31', 'ready', '2018-06-06', 'IN_SERVICE', 3, 4, 'O765BA99', '2018-06-07 20:06:59.767', 'ADD', 'administrator1', 23, 3);
INSERT INTO public.car_event (id, year, mark, mileage, prev_maintenance_date, next_maintenance_date, current_status, current_status_date, next_status, next_status_date, state, location_id, current_location_id, reg_number, message_date, message_type, user_name, car_id, employee_id) VALUES (343, 2013, 'mazda', 156860.60, '2018-05-05', '2018-07-01', 'in_use', '2018-06-02', 'ready', '2018-06-24', 'IN_USE', 3, 3, 'O467AC77', '2018-06-07 20:06:59.768', 'ADD', 'administrator1', 24, 3);
INSERT INTO public.car_event (id, year, mark, mileage, prev_maintenance_date, next_maintenance_date, current_status, current_status_date, next_status, next_status_date, state, location_id, current_location_id, reg_number, message_date, message_type, user_name, car_id, employee_id) VALUES (344, 2012, 'volkswagen', 127156.49, '2018-05-14', '2018-06-16', 'ready', '2018-06-03', 'in_service', '2018-06-16', 'READY', 3, 3, 'M315MB99', '2018-06-07 20:06:59.769', 'ADD', 'administrator1', 25, 3);
INSERT INTO public.car_event (id, year, mark, mileage, prev_maintenance_date, next_maintenance_date, current_status, current_status_date, next_status, next_status_date, state, location_id, current_location_id, reg_number, message_date, message_type, user_name, car_id, employee_id) VALUES (345, 2012, 'renault', 322456.37, '2018-05-17', '2018-06-27', 'ready', '2018-05-26', 'in_use', '2018-06-20', 'READY', 3, 2, 'C946AO99', '2018-06-07 20:06:59.769', 'ADD', 'administrator1', 26, 3);
INSERT INTO public.car_event (id, year, mark, mileage, prev_maintenance_date, next_maintenance_date, current_status, current_status_date, next_status, next_status_date, state, location_id, current_location_id, reg_number, message_date, message_type, user_name, car_id, employee_id) VALUES (346, 2014, 'peugeot', 229664.19, '2018-05-10', '2018-06-29', 'in_service', '2018-06-03', 'ready', '2018-06-08', 'IN_SERVICE', 3, 4, 'A355CT99', '2018-06-07 20:06:59.77', 'ADD', 'administrator1', 27, 3);
INSERT INTO public.car_event (id, year, mark, mileage, prev_maintenance_date, next_maintenance_date, current_status, current_status_date, next_status, next_status_date, state, location_id, current_location_id, reg_number, message_date, message_type, user_name, car_id, employee_id) VALUES (347, 2015, 'renault', 22659.49, '2018-05-23', '2018-07-21', 'in_use', '2018-06-03', 'ready', '2018-06-20', 'IN_USE', 3, 3, 'A462CM77', '2018-06-07 20:06:59.771', 'ADD', 'administrator1', 28, 3);
INSERT INTO public.car_event (id, year, mark, mileage, prev_maintenance_date, next_maintenance_date, current_status, current_status_date, next_status, next_status_date, state, location_id, current_location_id, reg_number, message_date, message_type, user_name, car_id, employee_id) VALUES (348, 2013, 'volkswagen', 256493.59, '2018-04-26', '2018-05-16', 'decommissioned', '2018-05-27', NULL, NULL, 'DECOMMISSIONED', 3, 3, 'M659CO99', '2018-06-07 20:06:59.771', 'ADD', 'administrator1', 29, 3);
INSERT INTO public.car_event (id, year, mark, mileage, prev_maintenance_date, next_maintenance_date, current_status, current_status_date, next_status, next_status_date, state, location_id, current_location_id, reg_number, message_date, message_type, user_name, car_id, employee_id) VALUES (349, 2010, 'lexus', 3476292.71, '2018-02-25', '2018-03-27', 'decommissioned', '2018-04-06', NULL, NULL, 'DECOMMISSIONED', 3, 3, 'C623OH99', '2018-06-07 20:06:59.772', 'ADD', 'administrator1', 30, 3);
INSERT INTO public.car_event (id, year, mark, mileage, prev_maintenance_date, next_maintenance_date, current_status, current_status_date, next_status, next_status_date, state, location_id, current_location_id, reg_number, message_date, message_type, user_name, car_id, employee_id) VALUES (350, 2014, 'bmw', 53491.29, '2018-05-06', '2018-06-25', 'ready', '2018-05-20', NULL, NULL, 'READY', 5, 5, 'A539OC77', '2018-06-07 20:06:59.772', 'ADD', 'administrator1', 31, 3);
INSERT INTO public.car_event (id, year, mark, mileage, prev_maintenance_date, next_maintenance_date, current_status, current_status_date, next_status, next_status_date, state, location_id, current_location_id, reg_number, message_date, message_type, user_name, car_id, employee_id) VALUES (351, 2013, 'volkswagen', 234659.43, '2018-05-25', '2018-06-25', 'ready', '2018-05-30', 'in_use', '2018-06-15', 'READY', 5, 6, 'C234CA77', '2018-06-07 20:06:59.773', 'ADD', 'administrator1', 32, 3);
INSERT INTO public.car_event (id, year, mark, mileage, prev_maintenance_date, next_maintenance_date, current_status, current_status_date, next_status, next_status_date, state, location_id, current_location_id, reg_number, message_date, message_type, user_name, car_id, employee_id) VALUES (352, 2017, 'mazda', 10594.21, '2018-05-26', '2018-07-05', 'in_service', '2018-06-04', 'ready', '2018-06-11', 'IN_SERVICE', 2, 4, 'C234OA77', '2018-06-07 20:06:59.774', 'ADD', 'administrator1', 33, 3);
INSERT INTO public.car_event (id, year, mark, mileage, prev_maintenance_date, next_maintenance_date, current_status, current_status_date, next_status, next_status_date, state, location_id, current_location_id, reg_number, message_date, message_type, user_name, car_id, employee_id) VALUES (353, 2015, 'bmw', 15468.02, '2018-05-05', '2018-07-05', 'in_use', '2018-05-24', 'ready', '2018-06-30', 'IN_USE', 5, 5, 'C236PO99', '2018-06-07 20:06:59.775', 'ADD', 'administrator1', 34, 3);
INSERT INTO public.car_event (id, year, mark, mileage, prev_maintenance_date, next_maintenance_date, current_status, current_status_date, next_status, next_status_date, state, location_id, current_location_id, reg_number, message_date, message_type, user_name, car_id, employee_id) VALUES (354, 2014, 'ford', 31536.79, '2018-05-12', '2018-07-04', 'ready', '2018-06-01', 'in_service', '2018-07-04', 'READY', 3, 5, 'C112EM99', '2018-06-07 20:06:59.776', 'ADD', 'administrator1', 35, 3);
INSERT INTO public.car_event (id, year, mark, mileage, prev_maintenance_date, next_maintenance_date, current_status, current_status_date, next_status, next_status_date, state, location_id, current_location_id, reg_number, message_date, message_type, user_name, car_id, employee_id) VALUES (355, 2015, 'lexus', 243296.29, '2018-05-15', '2018-07-03', 'ready', '2018-05-26', 'in_use', '2018-06-20', 'READY', 5, 5, 'C234EO99', '2018-06-07 20:06:59.777', 'ADD', 'administrator1', 36, 3);
INSERT INTO public.car_event (id, year, mark, mileage, prev_maintenance_date, next_maintenance_date, current_status, current_status_date, next_status, next_status_date, state, location_id, current_location_id, reg_number, message_date, message_type, user_name, car_id, employee_id) VALUES (356, 2015, 'peugeot', 54624.04, '2018-05-12', '2018-06-27', 'in_service', '2018-06-03', 'ready', '2018-06-07', 'IN_SERVICE', 5, 4, 'T249MH99', '2018-06-07 20:06:59.778', 'ADD', 'administrator1', 37, 3);
INSERT INTO public.car_event (id, year, mark, mileage, prev_maintenance_date, next_maintenance_date, current_status, current_status_date, next_status, next_status_date, state, location_id, current_location_id, reg_number, message_date, message_type, user_name, car_id, employee_id) VALUES (357, 2016, 'kia', 24292.15, '2018-06-01', '2018-07-25', 'in_use', '2018-06-02', 'ready', '2018-07-01', 'IN_USE', 3, 5, 'T329CO77', '2018-06-07 20:06:59.779', 'ADD', 'administrator1', 38, 3);
INSERT INTO public.car_event (id, year, mark, mileage, prev_maintenance_date, next_maintenance_date, current_status, current_status_date, next_status, next_status_date, state, location_id, current_location_id, reg_number, message_date, message_type, user_name, car_id, employee_id) VALUES (358, 2011, 'volkswagen', 232290.46, '2018-01-16', '2018-02-25', 'decommissioned', '2018-01-26', NULL, NULL, 'DECOMMISSIONED', 3, 5, 'A294CM77', '2018-06-07 20:06:59.779', 'ADD', 'administrator1', 39, 3);
INSERT INTO public.car_event (id, year, mark, mileage, prev_maintenance_date, next_maintenance_date, current_status, current_status_date, next_status, next_status_date, state, location_id, current_location_id, reg_number, message_date, message_type, user_name, car_id, employee_id) VALUES (359, 2009, 'kia', 234692.26, '2017-11-27', '2018-01-16', 'decommissioned', '2018-04-19', NULL, NULL, 'DECOMMISSIONED', 7, 5, 'C234MA77', '2018-06-07 20:06:59.783', 'ADD', 'administrator1', 40, 3);
INSERT INTO public.car_event (id, year, mark, mileage, prev_maintenance_date, next_maintenance_date, current_status, current_status_date, next_status, next_status_date, state, location_id, current_location_id, reg_number, message_date, message_type, user_name, car_id, employee_id) VALUES (360, 2017, 'peugeot', 23465.59, '2018-05-11', '2018-07-03', 'ready', '2018-06-03', NULL, NULL, 'READY', 6, 6, 'C346OM99', '2018-06-07 20:06:59.783', 'ADD', 'administrator1', 41, 3);
INSERT INTO public.car_event (id, year, mark, mileage, prev_maintenance_date, next_maintenance_date, current_status, current_status_date, next_status, next_status_date, state, location_id, current_location_id, reg_number, message_date, message_type, user_name, car_id, employee_id) VALUES (361, 2015, 'bmw', 12456.37, '2018-04-06', '2018-06-15', 'ready', '2018-05-06', 'in_use', '2018-06-06', 'READY', 7, 6, '459HM199', '2018-06-07 20:06:59.784', 'ADD', 'administrator1', 42, 3);
INSERT INTO public.car_event (id, year, mark, mileage, prev_maintenance_date, next_maintenance_date, current_status, current_status_date, next_status, next_status_date, state, location_id, current_location_id, reg_number, message_date, message_type, user_name, car_id, employee_id) VALUES (362, 2016, 'renault', 12346.29, '2018-05-31', '2018-06-15', 'in_service', '2018-05-31', 'ready', '2018-06-06', 'IN_SERVICE', 6, 4, 'A128MP99', '2018-06-07 20:06:59.784', 'ADD', 'administrator1', 43, 3);
INSERT INTO public.car_event (id, year, mark, mileage, prev_maintenance_date, next_maintenance_date, current_status, current_status_date, next_status, next_status_date, state, location_id, current_location_id, reg_number, message_date, message_type, user_name, car_id, employee_id) VALUES (363, 2016, 'bmw', 12960, '2018-05-07', '2018-06-30', 'in_use', '2018-06-01', 'ready', '2018-06-19', 'IN_USE', 6, 6, 'C462PT99', '2018-06-07 20:06:59.785', 'ADD', 'administrator1', 44, 3);
INSERT INTO public.car_event (id, year, mark, mileage, prev_maintenance_date, next_maintenance_date, current_status, current_status_date, next_status, next_status_date, state, location_id, current_location_id, reg_number, message_date, message_type, user_name, car_id, employee_id) VALUES (364, 2013, 'mercedes', 25156.42, '2018-05-16', '2018-06-22', 'ready', '2018-06-01', 'in_service', '2018-06-22', 'READY', 6, 6, '159MB99', '2018-06-07 20:06:59.786', 'ADD', 'administrator1', 45, 3);
INSERT INTO public.car_event (id, year, mark, mileage, prev_maintenance_date, next_maintenance_date, current_status, current_status_date, next_status, next_status_date, state, location_id, current_location_id, reg_number, message_date, message_type, user_name, car_id, employee_id) VALUES (365, 2013, 'mercedes', 232456.37, '2018-05-20', '2018-08-14', 'ready', '2018-05-26', 'in_use', '2018-06-15', 'READY', 5, 6, 'T198HM199', '2018-06-07 20:06:59.786', 'ADD', 'administrator1', 46, 3);
INSERT INTO public.car_event (id, year, mark, mileage, prev_maintenance_date, next_maintenance_date, current_status, current_status_date, next_status, next_status_date, state, location_id, current_location_id, reg_number, message_date, message_type, user_name, car_id, employee_id) VALUES (366, 2017, 'ford', 29574.19, '2018-05-16', '2018-06-24', 'in_service', '2018-06-04', 'ready', '2018-06-06', 'IN_SERVICE', 6, 4, 'C289CT79', '2018-06-07 20:06:59.787', 'ADD', 'administrator1', 47, 3);
INSERT INTO public.car_event (id, year, mark, mileage, prev_maintenance_date, next_maintenance_date, current_status, current_status_date, next_status, next_status_date, state, location_id, current_location_id, reg_number, message_date, message_type, user_name, car_id, employee_id) VALUES (367, 2016, 'bmw', 26456.59, '2018-05-25', '2018-07-20', 'in_use', '2018-06-01', 'ready', '2018-06-20', 'IN_USE', 6, 6, 'T463AB77', '2018-06-07 20:06:59.787', 'ADD', 'administrator1', 48, 3);
INSERT INTO public.car_event (id, year, mark, mileage, prev_maintenance_date, next_maintenance_date, current_status, current_status_date, next_status, next_status_date, state, location_id, current_location_id, reg_number, message_date, message_type, user_name, car_id, employee_id) VALUES (368, 2013, 'volkswagen', 212562.19, '2018-04-06', '2018-04-26', 'decommissioned', '2018-05-01', NULL, NULL, 'DECOMMISSIONED', 6, 6, 'H236TB99', '2018-06-07 20:06:59.788', 'ADD', 'administrator1', 49, 3);
INSERT INTO public.car_event (id, year, mark, mileage, prev_maintenance_date, next_maintenance_date, current_status, current_status_date, next_status, next_status_date, state, location_id, current_location_id, reg_number, message_date, message_type, user_name, car_id, employee_id) VALUES (369, 2011, 'lexus', 347956.94, '2018-03-17', '2018-04-05', 'decommissioned', '2018-05-07', NULL, NULL, 'DECOMMISSIONED', 6, 6, 'M349KK199', '2018-06-07 20:06:59.789', 'ADD', 'administrator1', 50, 3);
INSERT INTO public.car_event (id, year, mark, mileage, prev_maintenance_date, next_maintenance_date, current_status, current_status_date, next_status, next_status_date, state, location_id, current_location_id, reg_number, message_date, message_type, user_name, car_id, employee_id) VALUES (370, 2014, 'renault', 56556.12, '2018-03-07', '2018-06-06', 'ready', '2018-05-26', NULL, NULL, 'READY', 6, 6, 'E267MK177', '2018-06-07 20:06:59.789', 'ADD', 'administrator1', 51, 3);
INSERT INTO public.car_event (id, year, mark, mileage, prev_maintenance_date, next_maintenance_date, current_status, current_status_date, next_status, next_status_date, state, location_id, current_location_id, reg_number, message_date, message_type, user_name, car_id, employee_id) VALUES (371, 2015, 'peugeot', 26556.76, '2018-05-26', '2018-08-14', 'ready', '2018-05-30', 'in_use', '2018-07-15', 'READY', 7, 6, 'K956MK77', '2018-06-07 20:06:59.79', 'ADD', 'administrator1', 52, 3);
INSERT INTO public.car_event (id, year, mark, mileage, prev_maintenance_date, next_maintenance_date, current_status, current_status_date, next_status, next_status_date, state, location_id, current_location_id, reg_number, message_date, message_type, user_name, car_id, employee_id) VALUES (372, 2014, 'lexus', 326033.19, '2018-04-26', '2018-07-21', 'in_service', '2018-06-04', 'ready', '2018-06-07', 'IN_SERVICE', 6, 4, 'T298KM77', '2018-06-07 20:06:59.79', 'ADD', 'administrator1', 53, 3);
INSERT INTO public.car_event (id, year, mark, mileage, prev_maintenance_date, next_maintenance_date, current_status, current_status_date, next_status, next_status_date, state, location_id, current_location_id, reg_number, message_date, message_type, user_name, car_id, employee_id) VALUES (373, 2015, 'renault', 46860, '2018-05-06', '2018-07-15', 'in_use', '2018-05-26', 'ready', '2018-07-10', 'IN_USE', 6, 6, 'M265PT99', '2018-06-07 20:06:59.791', 'ADD', 'administrator1', 54, 3);
INSERT INTO public.car_event (id, year, mark, mileage, prev_maintenance_date, next_maintenance_date, current_status, current_status_date, next_status, next_status_date, state, location_id, current_location_id, reg_number, message_date, message_type, user_name, car_id, employee_id) VALUES (374, 2013, 'mercedes', 31156.29, '2018-05-14', '2018-06-24', 'ready', '2018-06-02', 'in_service', '2018-06-24', 'READY', 7, 6, 'E329EK97', '2018-06-07 20:06:59.792', 'ADD', 'administrator1', 55, 3);
INSERT INTO public.car_event (id, year, mark, mileage, prev_maintenance_date, next_maintenance_date, current_status, current_status_date, next_status, next_status_date, state, location_id, current_location_id, reg_number, message_date, message_type, user_name, car_id, employee_id) VALUES (375, 2013, 'ford', 232457.19, '2018-05-25', '2018-06-23', 'ready', '2018-05-27', 'in_use', '2018-06-20', 'READY', 6, 6, 'T219EH99', '2018-06-07 20:06:59.792', 'ADD', 'administrator1', 56, 3);
INSERT INTO public.car_event (id, year, mark, mileage, prev_maintenance_date, next_maintenance_date, current_status, current_status_date, next_status, next_status_date, state, location_id, current_location_id, reg_number, message_date, message_type, user_name, car_id, employee_id) VALUES (376, 2016, 'bmw', 124584.19, '2018-05-14', '2018-07-01', 'in_service', '2018-06-03', 'ready', '2018-06-07', 'IN_SERVICE', 6, 4, 'T226MH99', '2018-06-07 20:06:59.793', 'ADD', 'administrator1', 57, 3);
INSERT INTO public.car_event (id, year, mark, mileage, prev_maintenance_date, next_maintenance_date, current_status, current_status_date, next_status, next_status_date, state, location_id, current_location_id, reg_number, message_date, message_type, user_name, car_id, employee_id) VALUES (377, 2014, 'mazda', 217562.13, '2018-05-27', '2018-07-12', 'in_use', '2018-06-02', 'ready', '2018-06-18', 'IN_USE', 7, 6, 'T249AB77', '2018-06-07 20:06:59.793', 'ADD', 'administrator1', 58, 3);
INSERT INTO public.car_event (id, year, mark, mileage, prev_maintenance_date, next_maintenance_date, current_status, current_status_date, next_status, next_status_date, state, location_id, current_location_id, reg_number, message_date, message_type, user_name, car_id, employee_id) VALUES (378, 2011, 'kia', 123225.49, '2018-03-07', '2018-03-30', 'decommissioned', '2018-05-30', NULL, NULL, 'DECOMMISSIONED', 7, 6, 'A122OB77', '2018-06-07 20:06:59.794', 'ADD', 'administrator1', 59, 3);
INSERT INTO public.car_event (id, year, mark, mileage, prev_maintenance_date, next_maintenance_date, current_status, current_status_date, next_status, next_status_date, state, location_id, current_location_id, reg_number, message_date, message_type, user_name, car_id, employee_id) VALUES (379, 2011, 'ford', 107642.29, '2018-02-26', '2018-04-29', 'decommissioned', '2018-04-19', NULL, NULL, 'DECOMMISSIONED', 6, 6, 'A699OB77', '2018-06-07 20:06:59.795', 'ADD', 'administrator1', 60, 3);
INSERT INTO public.car_event (id, year, mark, mileage, prev_maintenance_date, next_maintenance_date, current_status, current_status_date, next_status, next_status_date, state, location_id, current_location_id, reg_number, message_date, message_type, user_name, car_id, employee_id) VALUES (380, 2017, 'bmw', 22156.49, '2018-04-25', '2018-06-09', 'ready', '2018-06-01', NULL, NULL, 'READY', 3, 7, 'O234MA99', '2018-06-07 20:06:59.795', 'ADD', 'administrator1', 61, 3);
INSERT INTO public.car_event (id, year, mark, mileage, prev_maintenance_date, next_maintenance_date, current_status, current_status_date, next_status, next_status_date, state, location_id, current_location_id, reg_number, message_date, message_type, user_name, car_id, employee_id) VALUES (381, 2015, 'ford', 12447.19, '2018-04-11', '2018-06-20', 'ready', '2018-05-07', 'in_use', '2018-06-08', 'READY', 7, 7, 'T294HM99', '2018-06-07 20:06:59.796', 'ADD', 'administrator1', 62, 3);
INSERT INTO public.car_event (id, year, mark, mileage, prev_maintenance_date, next_maintenance_date, current_status, current_status_date, next_status, next_status_date, state, location_id, current_location_id, reg_number, message_date, message_type, user_name, car_id, employee_id) VALUES (382, 2018, 'peugeot', 1649.13, '2018-05-24', '2018-06-20', 'in_service', '2018-06-03', 'ready', '2018-06-07', 'IN_SERVICE', 7, 4, 'A319BA99', '2018-06-07 20:06:59.799', 'ADD', 'administrator1', 63, 3);
INSERT INTO public.car_event (id, year, mark, mileage, prev_maintenance_date, next_maintenance_date, current_status, current_status_date, next_status, next_status_date, state, location_id, current_location_id, reg_number, message_date, message_type, user_name, car_id, employee_id) VALUES (383, 2013, 'ford', 26560.14, '2018-05-05', '2018-07-01', 'in_use', '2018-06-02', 'ready', '2018-06-24', 'IN_USE', 7, 7, 'O234MH77', '2018-06-07 20:06:59.799', 'ADD', 'administrator1', 64, 3);
INSERT INTO public.car_event (id, year, mark, mileage, prev_maintenance_date, next_maintenance_date, current_status, current_status_date, next_status, next_status_date, state, location_id, current_location_id, reg_number, message_date, message_type, user_name, car_id, employee_id) VALUES (384, 2012, 'lexus', 127156.49, '2018-05-12', '2018-06-17', 'ready', '2018-06-01', 'in_service', '2018-06-17', 'READY', 7, 7, 'OA659MB99', '2018-06-07 20:06:59.8', 'ADD', 'administrator1', 65, 3);
INSERT INTO public.car_event (id, year, mark, mileage, prev_maintenance_date, next_maintenance_date, current_status, current_status_date, next_status, next_status_date, state, location_id, current_location_id, reg_number, message_date, message_type, user_name, car_id, employee_id) VALUES (385, 2016, 'bmw', 3456.37, '2018-05-15', '2018-07-02', 'ready', '2018-05-26', 'in_use', '2018-06-30', 'READY', 3, 7, 'O329AO99', '2018-06-07 20:06:59.801', 'ADD', 'administrator1', 66, 3);
INSERT INTO public.car_event (id, year, mark, mileage, prev_maintenance_date, next_maintenance_date, current_status, current_status_date, next_status, next_status_date, state, location_id, current_location_id, reg_number, message_date, message_type, user_name, car_id, employee_id) VALUES (386, 2017, 'lada', 2264.69, '2018-05-10', '2018-06-29', 'in_service', '2018-06-03', 'ready', '2018-06-08', 'IN_SERVICE', 7, 4, 'C329CT99', '2018-06-07 20:06:59.802', 'ADD', 'administrator1', 67, 3);
INSERT INTO public.car_event (id, year, mark, mileage, prev_maintenance_date, next_maintenance_date, current_status, current_status_date, next_status, next_status_date, state, location_id, current_location_id, reg_number, message_date, message_type, user_name, car_id, employee_id) VALUES (387, 2015, 'bmw', 22659.49, '2018-05-23', '2018-07-21', 'in_use', '2018-06-03', 'ready', '2018-06-20', 'IN_USE', 7, 7, 'O329CM77', '2018-06-07 20:06:59.802', 'ADD', 'administrator1', 68, 3);
INSERT INTO public.car_event (id, year, mark, mileage, prev_maintenance_date, next_maintenance_date, current_status, current_status_date, next_status, next_status_date, state, location_id, current_location_id, reg_number, message_date, message_type, user_name, car_id, employee_id) VALUES (388, 2013, 'mazda', 232456.37, '2018-05-25', '2018-06-15', 'ready', '2018-05-27', 'in_service', '2018-06-15', 'READY', 2, 2, 'T440EH99', '2018-06-07 20:06:59.803', 'ADD', 'administrator1', 16, 3);
INSERT INTO public.car_event (id, year, mark, mileage, prev_maintenance_date, next_maintenance_date, current_status, current_status_date, next_status, next_status_date, state, location_id, current_location_id, reg_number, message_date, message_type, user_name, car_id, employee_id) VALUES (389, 2015, 'lada', 46860, '2018-05-06', '2018-07-08', 'in_use', '2018-05-26', 'in_service', '2018-07-08', 'IN_USE', 2, 2, 'M734PT99', '2018-06-07 20:06:59.803', 'ADD', 'administrator1', 14, 3);
INSERT INTO public.car_event (id, year, mark, mileage, prev_maintenance_date, next_maintenance_date, current_status, current_status_date, next_status, next_status_date, state, location_id, current_location_id, reg_number, message_date, message_type, user_name, car_id, employee_id) VALUES (390, 2015, 'renault', 56860, '2018-05-07', '2018-06-15', 'in_use', '2018-06-01', 'in_service', '2018-06-15', 'IN_USE', 2, 2, 'M462PT99', '2018-06-07 20:06:59.804', 'ADD', 'administrator1', 4, 3);
INSERT INTO public.car_event (id, year, mark, mileage, prev_maintenance_date, next_maintenance_date, current_status, current_status_date, next_status, next_status_date, state, location_id, current_location_id, reg_number, message_date, message_type, user_name, car_id, employee_id) VALUES (391, 2016, 'renault', 519574, '2018-05-14', '2018-07-01', 'ready', '2018-06-07', 'ready', '2018-06-07', 'READY', 3, 2, 'T226MH99', '2018-06-07 20:06:59.805', 'ADD', 'administrator1', 17, 3);
INSERT INTO public.car_event (id, year, mark, mileage, prev_maintenance_date, next_maintenance_date, current_status, current_status_date, next_status, next_status_date, state, location_id, current_location_id, reg_number, message_date, message_type, user_name, car_id, employee_id) VALUES (392, 2000, 'renault', 17562.13, '2018-05-25', '2018-07-20', 'in_use', '2018-05-30', 'ready', '2018-06-18', 'READY', 123, NULL, 'T463AB05', '2018-06-07 20:06:59.805', 'ADD', 'administrator1', 8, 3);
INSERT INTO public.car_event (id, year, mark, mileage, prev_maintenance_date, next_maintenance_date, current_status, current_status_date, next_status, next_status_date, state, location_id, current_location_id, reg_number, message_date, message_type, user_name, car_id, employee_id) VALUES (393, 2000, 'mazda', 129574, '2018-05-06', '2018-06-23', 'in_service', '2018-06-04', 'ready', '2018-06-06', 'READY', 123, NULL, 'E349CT05', '2018-06-07 20:06:59.806', 'ADD', 'administrator1', 7, 3);
INSERT INTO public.car_event (id, year, mark, mileage, prev_maintenance_date, next_maintenance_date, current_status, current_status_date, next_status, next_status_date, state, location_id, current_location_id, reg_number, message_date, message_type, user_name, car_id, employee_id) VALUES (394, 2000, 'mercedes', 232456.37, '2018-05-20', '2018-08-14', 'ready', '2018-05-26', 'in_use', '2018-06-20', 'READY', 123, NULL, 'T478HM105', '2018-06-07 20:06:59.807', 'ADD', 'administrator1', 6, 3);
INSERT INTO public.car_event (id, year, mark, mileage, prev_maintenance_date, next_maintenance_date, current_status, current_status_date, next_status, next_status_date, state, location_id, current_location_id, reg_number, message_date, message_type, user_name, car_id, employee_id) VALUES (395, 2014, 'renault', 52356.22, '2018-03-07', '2018-06-06', 'in_use', '2018-06-07', NULL, NULL, 'IN_USE', 2, 2, 'E442MK177', '2018-06-07 20:06:59.807', 'ADD', 'administrator1', 11, 3);
INSERT INTO public.car_event (id, year, mark, mileage, prev_maintenance_date, next_maintenance_date, current_status, current_status_date, next_status, next_status_date, state, location_id, current_location_id, reg_number, message_date, message_type, user_name, car_id, employee_id) VALUES (396, 2000, 'lexus', 15256.76, '2018-05-26', '2018-08-14', 'ready', '2018-05-30', 'in_use', '2018-07-15', 'READY', 123, NULL, 'K667MK05', '2018-06-07 20:06:59.808', 'ADD', 'administrator1', 12, 3);
INSERT INTO public.car_event (id, year, mark, mileage, prev_maintenance_date, next_maintenance_date, current_status, current_status_date, next_status, next_status_date, state, location_id, current_location_id, reg_number, message_date, message_type, user_name, car_id, employee_id) VALUES (397, 2000, 'volkswagen', 250337.90, '2018-04-26', '2018-07-25', 'in_service', '2018-06-04', 'ready', '2018-06-07', 'READY', 123, NULL, 'T669KM00', '2018-06-07 20:06:59.809', 'ADD', 'administrator1', 13, 3);
INSERT INTO public.car_event (id, year, mark, mileage, prev_maintenance_date, next_maintenance_date, current_status, current_status_date, next_status, next_status_date, state, location_id, current_location_id, reg_number, message_date, message_type, user_name, car_id, employee_id) VALUES (398, 2005, 'bmw', 31156.42, '2018-05-14', '2018-06-24', 'ready', '2018-06-02', 'in_service', '2018-06-24', 'READY', 123, NULL, 'E106EK05', '2018-06-07 20:06:59.809', 'ADD', 'administrator1', 15, 3);
INSERT INTO public.car_event (id, year, mark, mileage, prev_maintenance_date, next_maintenance_date, current_status, current_status_date, next_status, next_status_date, state, location_id, current_location_id, reg_number, message_date, message_type, user_name, car_id, employee_id) VALUES (399, 2000, 'peugeot', 12456.37, '2018-04-06', '2018-06-15', 'ready', '2018-05-06', 'in_use', '2018-06-06', 'READY', 3, 3, 'T478HM105', '2018-06-07 20:06:59.81', 'ADD', 'administrator1', 2, 3);
INSERT INTO public.car_event (id, year, mark, mileage, prev_maintenance_date, next_maintenance_date, current_status, current_status_date, next_status, next_status_date, state, location_id, current_location_id, reg_number, message_date, message_type, user_name, car_id, employee_id) VALUES (400, 2012, 'kia', 2347562.53, '2018-04-16', '2018-05-06', 'decommissioned', '2018-05-30', 'in_service', '2018-07-13', 'DECOMMISSIONED', 3, 3, 'H597TB99', '2018-06-07 20:06:59.81', 'ADD', 'administrator1', 9, 3);
INSERT INTO public.car_event (id, year, mark, mileage, prev_maintenance_date, next_maintenance_date, current_status, current_status_date, next_status, next_status_date, state, location_id, current_location_id, reg_number, message_date, message_type, user_name, car_id, employee_id) VALUES (401, 2014, 'mercedes', 217562.13, '2018-05-27', '2018-07-12', 'ready', '2018-06-07', 'ready', '2018-06-18', 'READY', 3, 2, 'T463AB77', '2018-06-07 20:06:59.811', 'ADD', 'administrator1', 18, 3);
INSERT INTO public.car_event (id, year, mark, mileage, prev_maintenance_date, next_maintenance_date, current_status, current_status_date, next_status, next_status_date, state, location_id, current_location_id, reg_number, message_date, message_type, user_name, car_id, employee_id) VALUES (402, 2010, 'bmw', 25156.42, '2018-05-15', '2018-06-06', 'ready', '2018-06-01', 'in_service', '2018-06-06', 'READY', 2, 3, 'M315MB05', '2018-06-07 20:06:59.812', 'ADD', 'administrator1', 5, 3);
INSERT INTO public.car_event (id, year, mark, mileage, prev_maintenance_date, next_maintenance_date, current_status, current_status_date, next_status, next_status_date, state, location_id, current_location_id, reg_number, message_date, message_type, user_name, car_id, employee_id) VALUES (403, 2000, 'ford', 2322562.57, '2018-03-07', '2018-03-30', 'DECOMMISSIONED', '2018-05-30', NULL, NULL, 'READY', 123, NULL, 'A467OB77', '2018-06-07 20:06:59.814', 'ADD', 'administrator1', 19, 3);
INSERT INTO public.car_event (id, year, mark, mileage, prev_maintenance_date, next_maintenance_date, current_status, current_status_date, next_status, next_status_date, state, location_id, current_location_id, reg_number, message_date, message_type, user_name, car_id, employee_id) VALUES (404, 2000, 'volkswagen', 3347642.91, '2018-03-27', '2018-04-26', 'DECOMMISSIONED', '2018-05-06', NULL, NULL, 'READY', 123, NULL, 'M349KK199', '2018-06-07 20:06:59.815', 'ADD', 'administrator1', 10, 3);
INSERT INTO public.car_event (id, year, mark, mileage, prev_maintenance_date, next_maintenance_date, current_status, current_status_date, next_status, next_status_date, state, location_id, current_location_id, reg_number, message_date, message_type, user_name, car_id, employee_id) VALUES (405, 2010, 'ford', 3107642.18, '2018-02-26', '2018-04-29', 'DECOMMISSIONED', '2018-04-19', NULL, NULL, 'READY', 3, NULL, 'A675OB77', '2018-06-07 20:06:59.816', 'ADD', 'administrator1', 20, 3);
INSERT INTO public.car_event (id, year, mark, mileage, prev_maintenance_date, next_maintenance_date, current_status, current_status_date, next_status, next_status_date, state, location_id, current_location_id, reg_number, message_date, message_type, user_name, car_id, employee_id) VALUES (406, 2013, 'lexus', 256493.59, '2018-04-26', '2018-05-16', 'decommissioned', '2018-05-27', NULL, NULL, 'DECOMMISSIONED', 7, 7, 'M495CO99', '2018-06-07 20:06:59.816', 'ADD', 'administrator1', 69, 3);
INSERT INTO public.car_event (id, year, mark, mileage, prev_maintenance_date, next_maintenance_date, current_status, current_status_date, next_status, next_status_date, state, location_id, current_location_id, reg_number, message_date, message_type, user_name, car_id, employee_id) VALUES (407, 2010, 'peugeot', 3476292.71, '2018-02-25', '2018-03-27', 'decommissioned', '2018-04-06', NULL, NULL, 'DECOMMISSIONED', 7, 7, 'C234OH99', '2018-06-07 20:06:59.817', 'ADD', 'administrator1', 70, 3);
INSERT INTO public.car_event (id, year, mark, mileage, prev_maintenance_date, next_maintenance_date, current_status, current_status_date, next_status, next_status_date, state, location_id, current_location_id, reg_number, message_date, message_type, user_name, car_id, employee_id) VALUES (408, 2014, 'mercedes', 53491.29, '2018-05-06', '2018-06-25', 'ready', '2018-05-20', NULL, NULL, 'READY', 7, 7, 'A539OC77', '2018-06-07 20:06:59.817', 'ADD', 'administrator1', 71, 3);
INSERT INTO public.car_event (id, year, mark, mileage, prev_maintenance_date, next_maintenance_date, current_status, current_status_date, next_status, next_status_date, state, location_id, current_location_id, reg_number, message_date, message_type, user_name, car_id, employee_id) VALUES (409, 2013, 'volkswagen', 234659.43, '2018-05-25', '2018-06-25', 'ready', '2018-05-30', 'in_use', '2018-06-15', 'READY', 6, 7, 'C167CA77', '2018-06-07 20:06:59.818', 'ADD', 'administrator1', 72, 3);
INSERT INTO public.car_event (id, year, mark, mileage, prev_maintenance_date, next_maintenance_date, current_status, current_status_date, next_status, next_status_date, state, location_id, current_location_id, reg_number, message_date, message_type, user_name, car_id, employee_id) VALUES (410, 2017, 'ford', 26594.21, '2018-05-21', '2018-06-25', 'in_service', '2018-06-03', 'ready', '2018-06-11', 'IN_SERVICE', 7, 4, 'C249MH77', '2018-06-07 20:06:59.819', 'ADD', 'administrator1', 73, 3);
INSERT INTO public.car_event (id, year, mark, mileage, prev_maintenance_date, next_maintenance_date, current_status, current_status_date, next_status, next_status_date, state, location_id, current_location_id, reg_number, message_date, message_type, user_name, car_id, employee_id) VALUES (411, 2015, 'mercedes', 15468.02, '2018-05-05', '2018-07-05', 'in_use', '2018-05-24', 'ready', '2018-06-30', 'IN_USE', 7, 7, 'C449PO99', '2018-06-07 20:06:59.819', 'ADD', 'administrator1', 74, 3);
INSERT INTO public.car_event (id, year, mark, mileage, prev_maintenance_date, next_maintenance_date, current_status, current_status_date, next_status, next_status_date, state, location_id, current_location_id, reg_number, message_date, message_type, user_name, car_id, employee_id) VALUES (412, 2014, 'kia', 31536.79, '2018-05-12', '2018-06-14', 'ready', '2018-06-01', 'in_service', '2018-06-14', 'READY', 3, 7, 'C446EM99', '2018-06-07 20:06:59.82', 'ADD', 'administrator1', 75, 3);
INSERT INTO public.car_event (id, year, mark, mileage, prev_maintenance_date, next_maintenance_date, current_status, current_status_date, next_status, next_status_date, state, location_id, current_location_id, reg_number, message_date, message_type, user_name, car_id, employee_id) VALUES (413, 2015, 'peugeot', 243296.29, '2018-05-15', '2018-07-03', 'ready', '2018-05-26', 'in_use', '2018-06-20', 'READY', 7, 7, 'C436EO99', '2018-06-07 20:06:59.82', 'ADD', 'administrator1', 76, 3);
INSERT INTO public.car_event (id, year, mark, mileage, prev_maintenance_date, next_maintenance_date, current_status, current_status_date, next_status, next_status_date, state, location_id, current_location_id, reg_number, message_date, message_type, user_name, car_id, employee_id) VALUES (414, 2015, 'lada', 54494.49, '2018-05-12', '2018-06-27', 'in_service', '2018-06-03', 'ready', '2018-06-07', 'IN_SERVICE', 7, 4, 'T442MH99', '2018-06-07 20:06:59.821', 'ADD', 'administrator1', 77, 3);
INSERT INTO public.car_event (id, year, mark, mileage, prev_maintenance_date, next_maintenance_date, current_status, current_status_date, next_status, next_status_date, state, location_id, current_location_id, reg_number, message_date, message_type, user_name, car_id, employee_id) VALUES (415, 2016, 'volkswagen', 24292.15, '2018-06-01', '2018-07-25', 'in_use', '2018-06-02', 'ready', '2018-07-01', 'IN_USE', 3, 7, 'T442CO77', '2018-06-07 20:06:59.822', 'ADD', 'administrator1', 78, 3);
INSERT INTO public.car_event (id, year, mark, mileage, prev_maintenance_date, next_maintenance_date, current_status, current_status_date, next_status, next_status_date, state, location_id, current_location_id, reg_number, message_date, message_type, user_name, car_id, employee_id) VALUES (416, 2011, 'lexus', 232290.46, '2018-01-16', '2018-02-25', 'decommissioned', '2018-01-26', NULL, NULL, 'DECOMMISSIONED', 2, 7, 'A421CM77', '2018-06-07 20:06:59.822', 'ADD', 'administrator1', 79, 3);
INSERT INTO public.car_event (id, year, mark, mileage, prev_maintenance_date, next_maintenance_date, current_status, current_status_date, next_status, next_status_date, state, location_id, current_location_id, reg_number, message_date, message_type, user_name, car_id, employee_id) VALUES (417, 2009, 'volkswagen', 234692.26, '2017-11-27', '2018-01-16', 'decommissioned', '2018-04-19', NULL, NULL, 'DECOMMISSIONED', 7, 7, 'C845MA77', '2018-06-07 20:06:59.823', 'ADD', 'administrator1', 80, 3);
INSERT INTO public.car_event (id, year, mark, mileage, prev_maintenance_date, next_maintenance_date, current_status, current_status_date, next_status, next_status_date, state, location_id, current_location_id, reg_number, message_date, message_type, user_name, car_id, employee_id) VALUES (418, 2017, 'peugeot', 20158.45, '2018-05-11', '2018-07-03', 'ready', '2018-06-03', NULL, NULL, 'READY', 2, 7, 'X254TA77', '2018-06-07 20:06:59.823', 'ADD', 'administrator1', 81, 3);
INSERT INTO public.car_event (id, year, mark, mileage, prev_maintenance_date, next_maintenance_date, current_status, current_status_date, next_status, next_status_date, state, location_id, current_location_id, reg_number, message_date, message_type, user_name, car_id, employee_id) VALUES (419, 2015, 'lada', 56294.47, '2018-05-06', '2018-07-05', 'ready', '2018-05-16', 'in_use', '2018-06-26', 'READY', 3, 7, 'C245HM99', '2018-06-07 20:06:59.824', 'ADD', 'administrator1', 82, 3);
INSERT INTO public.car_event (id, year, mark, mileage, prev_maintenance_date, next_maintenance_date, current_status, current_status_date, next_status, next_status_date, state, location_id, current_location_id, reg_number, message_date, message_type, user_name, car_id, employee_id) VALUES (420, 2018, 'bmw', 1564.17, '2018-05-17', '2018-06-30', 'in_service', '2018-06-03', 'ready', '2018-06-07', 'IN_SERVICE', 7, 4, 'O435MP97', '2018-06-07 20:06:59.825', 'ADD', 'administrator1', 83, 3);
INSERT INTO public.car_event (id, year, mark, mileage, prev_maintenance_date, next_maintenance_date, current_status, current_status_date, next_status, next_status_date, state, location_id, current_location_id, reg_number, message_date, message_type, user_name, car_id, employee_id) VALUES (421, 2015, 'bmw', 51960.23, '2018-05-12', '2018-06-27', 'in_use', '2018-06-01', 'ready', '2018-06-19', 'IN_USE', 7, 7, 'M226PT99', '2018-06-07 20:06:59.825', 'ADD', 'administrator1', 84, 3);
INSERT INTO public.car_event (id, year, mark, mileage, prev_maintenance_date, next_maintenance_date, current_status, current_status_date, next_status, next_status_date, state, location_id, current_location_id, reg_number, message_date, message_type, user_name, car_id, employee_id) VALUES (422, 2013, 'mercedes', 19563.23, '2018-05-14', '2018-06-24', 'ready', '2018-06-01', 'in_service', '2018-06-24', 'READY', 3, 7, 'M226MB99', '2018-06-07 20:06:59.826', 'ADD', 'administrator1', 85, 3);
INSERT INTO public.car_event (id, year, mark, mileage, prev_maintenance_date, next_maintenance_date, current_status, current_status_date, next_status, next_status_date, state, location_id, current_location_id, reg_number, message_date, message_type, user_name, car_id, employee_id) VALUES (423, 2013, 'mazda', 232456.37, '2018-05-20', '2018-08-14', 'ready', '2018-05-26', 'in_use', '2018-06-20', 'READY', 7, 3, 'T118HM199', '2018-06-07 20:06:59.826', 'ADD', 'administrator1', 86, 3);
INSERT INTO public.car_event (id, year, mark, mileage, prev_maintenance_date, next_maintenance_date, current_status, current_status_date, next_status, next_status_date, state, location_id, current_location_id, reg_number, message_date, message_type, user_name, car_id, employee_id) VALUES (424, 2017, 'ford', 2349, '2018-05-04', '2018-07-06', 'in_service', '2018-06-04', 'ready', '2018-06-06', 'IN_SERVICE', 6, 4, 'A245CM77', '2018-06-07 20:06:59.827', 'ADD', 'administrator1', 87, 3);
INSERT INTO public.car_event (id, year, mark, mileage, prev_maintenance_date, next_maintenance_date, current_status, current_status_date, next_status, next_status_date, state, location_id, current_location_id, reg_number, message_date, message_type, user_name, car_id, employee_id) VALUES (425, 2015, 'bmw', 17562.13, '2018-05-25', '2018-07-20', 'in_use', '2018-05-30', 'ready', '2018-06-18', 'IN_USE', 7, 7, 'A349OH77', '2018-06-07 20:06:59.828', 'ADD', 'administrator1', 88, 3);
INSERT INTO public.car_event (id, year, mark, mileage, prev_maintenance_date, next_maintenance_date, current_status, current_status_date, next_status, next_status_date, state, location_id, current_location_id, reg_number, message_date, message_type, user_name, car_id, employee_id) VALUES (426, 2012, 'volkswagen', 2347562.53, '2018-04-14', '2018-05-05', 'decommissioned', '2018-05-30', NULL, NULL, 'DECOMMISSIONED', 7, 7, 'A847TB99', '2018-06-07 20:06:59.828', 'ADD', 'administrator1', 89, 3);
INSERT INTO public.car_event (id, year, mark, mileage, prev_maintenance_date, next_maintenance_date, current_status, current_status_date, next_status, next_status_date, state, location_id, current_location_id, reg_number, message_date, message_type, user_name, car_id, employee_id) VALUES (427, 2011, 'lexus', 23659.92, '2018-03-27', '2018-04-26', 'decommissioned', '2018-05-04', NULL, NULL, 'DECOMMISSIONED', 3, 3, 'M265OA199', '2018-06-07 20:06:59.829', 'ADD', 'administrator1', 90, 3);
INSERT INTO public.car_event (id, year, mark, mileage, prev_maintenance_date, next_maintenance_date, current_status, current_status_date, next_status, next_status_date, state, location_id, current_location_id, reg_number, message_date, message_type, user_name, car_id, employee_id) VALUES (428, 2014, 'bmw', 23465.29, '2018-03-05', '2018-06-08', 'ready', '2018-05-26', NULL, NULL, 'READY', 7, 6, 'O571MK77', '2018-06-07 20:06:59.829', 'ADD', 'administrator1', 91, 3);
INSERT INTO public.car_event (id, year, mark, mileage, prev_maintenance_date, next_maintenance_date, current_status, current_status_date, next_status, next_status_date, state, location_id, current_location_id, reg_number, message_date, message_type, user_name, car_id, employee_id) VALUES (429, 2015, 'peugeot', 15256.76, '2018-05-24', '2018-07-05', 'ready', '2018-05-30', 'in_use', '2018-06-25', 'READY', 6, 3, 'O471MK77', '2018-06-07 20:06:59.83', 'ADD', 'administrator1', 92, 3);
INSERT INTO public.car_event (id, year, mark, mileage, prev_maintenance_date, next_maintenance_date, current_status, current_status_date, next_status, next_status_date, state, location_id, current_location_id, reg_number, message_date, message_type, user_name, car_id, employee_id) VALUES (430, 2014, 'peugeot', 26459.92, '2018-04-24', '2018-07-25', 'in_service', '2018-06-04', 'ready', '2018-06-07', 'IN_SERVICE', 6, 4, 'T235ACM77', '2018-06-07 20:06:59.83', 'ADD', 'administrator1', 93, 3);
INSERT INTO public.car_event (id, year, mark, mileage, prev_maintenance_date, next_maintenance_date, current_status, current_status_date, next_status, next_status_date, state, location_id, current_location_id, reg_number, message_date, message_type, user_name, car_id, employee_id) VALUES (431, 2015, 'renault', 46264.01, '2018-05-06', '2018-07-15', 'in_use', '2018-05-24', 'ready', '2018-07-06', 'IN_USE', 2, 2, 'M234PT99', '2018-06-07 20:06:59.831', 'ADD', 'administrator1', 94, 3);
INSERT INTO public.car_event (id, year, mark, mileage, prev_maintenance_date, next_maintenance_date, current_status, current_status_date, next_status, next_status_date, state, location_id, current_location_id, reg_number, message_date, message_type, user_name, car_id, employee_id) VALUES (432, 2013, 'ford', 232456.37, '2018-05-25', '2018-06-23', 'ready', '2018-05-27', 'in_use', '2018-06-20', 'READY', 2, 2, 'T290EH99', '2018-06-07 20:06:59.832', 'ADD', 'administrator1', 96, 3);
INSERT INTO public.car_event (id, year, mark, mileage, prev_maintenance_date, next_maintenance_date, current_status, current_status_date, next_status, next_status_date, state, location_id, current_location_id, reg_number, message_date, message_type, user_name, car_id, employee_id) VALUES (433, 2016, 'bmw', 512571.19, '2018-05-15', '2018-06-27', 'in_service', '2018-06-02', 'ready', '2018-06-06', 'IN_SERVICE', 7, 4, 'T228MH77', '2018-06-07 20:06:59.832', 'ADD', 'administrator1', 97, 3);
INSERT INTO public.car_event (id, year, mark, mileage, prev_maintenance_date, next_maintenance_date, current_status, current_status_date, next_status, next_status_date, state, location_id, current_location_id, reg_number, message_date, message_type, user_name, car_id, employee_id) VALUES (434, 2014, 'mazda', 217562.29, '2018-05-27', '2018-07-12', 'in_use', '2018-06-02', 'ready', '2018-06-17', 'IN_USE', 3, 2, 'T234AB77', '2018-06-07 20:06:59.833', 'ADD', 'administrator1', 98, 3);
INSERT INTO public.car_event (id, year, mark, mileage, prev_maintenance_date, next_maintenance_date, current_status, current_status_date, next_status, next_status_date, state, location_id, current_location_id, reg_number, message_date, message_type, user_name, car_id, employee_id) VALUES (435, 2011, 'kia', 22262.19, '2018-03-07', '2018-03-30', 'decommissioned', '2018-05-30', NULL, NULL, 'DECOMMISSIONED', 3, 2, 'A225OB77', '2018-06-07 20:06:59.833', 'ADD', 'administrator1', 99, 3);
INSERT INTO public.car_event (id, year, mark, mileage, prev_maintenance_date, next_maintenance_date, current_status, current_status_date, next_status, next_status_date, state, location_id, current_location_id, reg_number, message_date, message_type, user_name, car_id, employee_id) VALUES (436, 2011, 'kia', 31042.12, '2018-03-05', '2018-05-04', 'decommissioned', '2018-04-24', NULL, NULL, 'DECOMMISSIONED', 7, 7, 'A159OB77', '2018-06-07 20:06:59.834', 'ADD', 'administrator1', 100, 3);
INSERT INTO public.car_event (id, year, mark, mileage, prev_maintenance_date, next_maintenance_date, current_status, current_status_date, next_status, next_status_date, state, location_id, current_location_id, reg_number, message_date, message_type, user_name, car_id, employee_id) VALUES (437, 1983, 'asd', 1000.10, '2018-06-06', '2018-06-06', 'asd', '2018-06-06', 'asd', '2018-06-06', 'READY', 123, NULL, 'asd', '2018-06-07 20:06:59.835', 'ADD', 'administrator1', 512, 3);
INSERT INTO public.car_event (id, year, mark, mileage, prev_maintenance_date, next_maintenance_date, current_status, current_status_date, next_status, next_status_date, state, location_id, current_location_id, reg_number, message_date, message_type, user_name, car_id, employee_id) VALUES (438, 1983, 'asd', 1000.10, '2018-06-06', '2018-06-06', 'ТЕСТОВЫЙ АВТО', '2018-06-06', 'asd', '2018-06-06', 'READY', 123, NULL, 'asd', '2018-06-07 20:06:59.835', 'ADD', 'administrator1', 513, 3);
INSERT INTO public.car_event (id, year, mark, mileage, prev_maintenance_date, next_maintenance_date, current_status, current_status_date, next_status, next_status_date, state, location_id, current_location_id, reg_number, message_date, message_type, user_name, car_id, employee_id) VALUES (439, 2016, 'lexus', 10156.22, '2018-04-21', '2018-04-21', 'ready', '2018-04-21', NULL, NULL, 'READY', 2, NULL, 'X716TA77', '2018-06-07 20:06:59.836', 'ADD', 'administrator1', 514, 3);
INSERT INTO public.car_event (id, year, mark, mileage, prev_maintenance_date, next_maintenance_date, current_status, current_status_date, next_status, next_status_date, state, location_id, current_location_id, reg_number, message_date, message_type, user_name, car_id, employee_id) VALUES (440, 2015, 'kia', 888555, '2018-06-07', '2018-06-07', '', '2018-06-07', '', '2018-06-07', 'READY', 123, NULL, '494949', '2018-06-07 20:06:59.836', 'ADD', 'administrator1', 529, 3);
INSERT INTO public.car_event (id, year, mark, mileage, prev_maintenance_date, next_maintenance_date, current_status, current_status_date, next_status, next_status_date, state, location_id, current_location_id, reg_number, message_date, message_type, user_name, car_id, employee_id) VALUES (441, 2018, 'lada', 100, '2018-05-31', '2018-06-15', 'in_service', '2018-05-31', 'in_use', '2018-04-20', 'IN_SERVICE', 2, 4, 'A777MP777', '2018-06-07 20:06:59.837', 'ADD', 'administrator1', 3, 3);
INSERT INTO public.car_event (id, year, mark, mileage, prev_maintenance_date, next_maintenance_date, current_status, current_status_date, next_status, next_status_date, state, location_id, current_location_id, reg_number, message_date, message_type, user_name, car_id, employee_id) VALUES (442, 2015, 'ridvan', 12456.37, '2018-04-06', '2018-06-15', 'ready', '2018-05-06', 'in_use', '2018-06-06', 'READY', 3, 2, 'T478HM199', '2018-06-07 20:06:59.837', 'ADD', 'administrator1', 515, 3);
INSERT INTO public.car_event (id, year, mark, mileage, prev_maintenance_date, next_maintenance_date, current_status, current_status_date, next_status, next_status_date, state, location_id, current_location_id, reg_number, message_date, message_type, user_name, car_id, employee_id) VALUES (443, 2015, 'ridvan2', 12456.37, '2018-04-06', '2018-06-15', 'ready', '2018-05-06', 'in_use', '2018-06-06', 'READY', 3, 2, 'T408HM199', '2018-06-07 20:06:59.838', 'ADD', 'administrator1', 516, 3);
INSERT INTO public.car_event (id, year, mark, mileage, prev_maintenance_date, next_maintenance_date, current_status, current_status_date, next_status, next_status_date, state, location_id, current_location_id, reg_number, message_date, message_type, user_name, car_id, employee_id) VALUES (444, 2015, 'ridvan2', 12456.37, '2018-04-06', '2018-06-15', 'ready', '2018-05-06', 'in_use', '2018-06-06', 'READY', 3, 2, 'T408HM199', '2018-06-07 20:06:59.838', 'ADD', 'administrator1', 517, 3);
INSERT INTO public.car_event (id, year, mark, mileage, prev_maintenance_date, next_maintenance_date, current_status, current_status_date, next_status, next_status_date, state, location_id, current_location_id, reg_number, message_date, message_type, user_name, car_id, employee_id) VALUES (445, 2015, 'ridvan3', 12456.37, '2018-04-06', '2018-06-15', 'ready', '2018-05-06', 'in_use', '2018-06-06', 'READY', 3, 2, 'T408HM199', '2018-06-07 20:06:59.839', 'ADD', 'administrator1', 518, 3);
INSERT INTO public.car_event (id, year, mark, mileage, prev_maintenance_date, next_maintenance_date, current_status, current_status_date, next_status, next_status_date, state, location_id, current_location_id, reg_number, message_date, message_type, user_name, car_id, employee_id) VALUES (446, 2018, 'kia', 2000, '2018-05-07', '2018-09-07', 'in_use', '2018-06-07', 'ready', '2018-06-07', 'IN_USE', 123, NULL, 'C444CC44', '2018-06-07 20:06:59.84', 'ADD', 'administrator1', 521, 3);
INSERT INTO public.car_event (id, year, mark, mileage, prev_maintenance_date, next_maintenance_date, current_status, current_status_date, next_status, next_status_date, state, location_id, current_location_id, reg_number, message_date, message_type, user_name, car_id, employee_id) VALUES (447, 2015, 'ridvan4', 12456.37, '2018-04-06', '2018-06-15', 'ready', '2018-05-06', 'in_use', '2018-06-06', 'READY', 3, 2, 'T408HM199', '2018-06-07 20:06:59.841', 'ADD', 'administrator1', 519, 3);
INSERT INTO public.car_event (id, year, mark, mileage, prev_maintenance_date, next_maintenance_date, current_status, current_status_date, next_status, next_status_date, state, location_id, current_location_id, reg_number, message_date, message_type, user_name, car_id, employee_id) VALUES (448, 2016, 'lexus', 10156.21, '2018-04-21', '2018-07-23', 'ready', '2018-06-04', NULL, NULL, 'READY', 1, NULL, 'X716TA77', '2018-06-07 20:06:59.842', 'ADD', 'administrator1', 1, 3);
INSERT INTO public.car_event (id, year, mark, mileage, prev_maintenance_date, next_maintenance_date, current_status, current_status_date, next_status, next_status_date, state, location_id, current_location_id, reg_number, message_date, message_type, user_name, car_id, employee_id) VALUES (449, 2013, 'mercedes', 31156.43, '2018-05-14', '2018-06-24', 'ready', '2018-06-02', 'in_service', '2018-06-24', 'READY', 3, 2, 'E269EK97', '2018-06-07 20:06:59.842', 'ADD', 'administrator1', 95, 3);
INSERT INTO public.car_event (id, year, mark, mileage, prev_maintenance_date, next_maintenance_date, current_status, current_status_date, next_status, next_status_date, state, location_id, current_location_id, reg_number, message_date, message_type, user_name, car_id, employee_id) VALUES (450, 2018, 'bmw', 2018, '2018-05-07', '2018-07-07', 'ready', '2018-06-07', 'ready', '2018-06-07', 'READY', 123, NULL, 'A000AA777', '2018-06-07 20:06:59.842', 'ADD', 'administrator1', 520, 3);
INSERT INTO public.car_event (id, year, mark, mileage, prev_maintenance_date, next_maintenance_date, current_status, current_status_date, next_status, next_status_date, state, location_id, current_location_id, reg_number, message_date, message_type, user_name, car_id, employee_id) VALUES (451, 2016, 'test', 10156.22, '2018-04-21', '2018-04-21', 'ready', '2018-04-21', NULL, NULL, 'READY', 2, NULL, 'X716TA77', '2018-06-07 20:06:59.843', 'ADD', 'administrator1', 523, 3);
INSERT INTO public.car_event (id, year, mark, mileage, prev_maintenance_date, next_maintenance_date, current_status, current_status_date, next_status, next_status_date, state, location_id, current_location_id, reg_number, message_date, message_type, user_name, car_id, employee_id) VALUES (452, 2016, 'lexus', 10156.22, '2018-04-21', '2018-04-21', 'ready', '2018-04-21', NULL, NULL, 'READY', 2, 2, 'X716TA77', '2018-06-07 20:06:59.844', 'ADD', 'administrator1', 503, 3);
INSERT INTO public.car_event (id, year, mark, mileage, prev_maintenance_date, next_maintenance_date, current_status, current_status_date, next_status, next_status_date, state, location_id, current_location_id, reg_number, message_date, message_type, user_name, car_id, employee_id) VALUES (453, 2016, 'lexus', 10156.22, '2018-04-21', '2018-04-21', 'ready', '2018-04-21', NULL, NULL, 'READY', 2, 2, 'X716TA77', '2018-06-07 20:06:59.844', 'ADD', 'administrator1', 504, 3);
INSERT INTO public.car_event (id, year, mark, mileage, prev_maintenance_date, next_maintenance_date, current_status, current_status_date, next_status, next_status_date, state, location_id, current_location_id, reg_number, message_date, message_type, user_name, car_id, employee_id) VALUES (454, 2010, 'ford', 22222, '2018-06-07', '2018-06-07', '', '2018-06-07', '', '2018-06-07', 'READY', 123, NULL, '94949', '2018-06-07 20:06:59.845', 'ADD', 'administrator1', 530, 3);
INSERT INTO public.car_event (id, year, mark, mileage, prev_maintenance_date, next_maintenance_date, current_status, current_status_date, next_status, next_status_date, state, location_id, current_location_id, reg_number, message_date, message_type, user_name, car_id, employee_id) VALUES (455, 2016, 'test', 10156.22, '2018-04-21', '2018-04-21', 'ready', '2018-04-21', NULL, NULL, 'READY', 2, NULL, 'X716TA77', '2018-06-07 20:06:59.845', 'ADD', 'administrator1', 524, 3);
INSERT INTO public.car_event (id, year, mark, mileage, prev_maintenance_date, next_maintenance_date, current_status, current_status_date, next_status, next_status_date, state, location_id, current_location_id, reg_number, message_date, message_type, user_name, car_id, employee_id) VALUES (456, 2016, 'test', 10156.22, '2018-04-21', '2018-04-21', 'ready', '2018-04-21', NULL, NULL, 'READY', 2, NULL, 'X716TA77', '2018-06-07 20:06:59.846', 'ADD', 'administrator1', 525, 3);
INSERT INTO public.car_event (id, year, mark, mileage, prev_maintenance_date, next_maintenance_date, current_status, current_status_date, next_status, next_status_date, state, location_id, current_location_id, reg_number, message_date, message_type, user_name, car_id, employee_id) VALUES (457, 2016, 'lexus', 10156.22, '2018-04-21', '2018-07-23', 'ready', '2018-06-04', NULL, NULL, 'READY', 2, 2, 'X716TA77', '2018-06-07 20:06:59.847', 'ADD', 'administrator1', 505, 3);
INSERT INTO public.car_event (id, year, mark, mileage, prev_maintenance_date, next_maintenance_date, current_status, current_status_date, next_status, next_status_date, state, location_id, current_location_id, reg_number, message_date, message_type, user_name, car_id, employee_id) VALUES (458, 2016, 'lexus', 10156.22, '2018-04-21', '2018-07-23', 'ready', '2018-06-04', NULL, NULL, 'READY', 2, NULL, 'X716TA77', '2018-06-07 20:06:59.847', 'ADD', 'administrator1', 506, 3);
INSERT INTO public.car_event (id, year, mark, mileage, prev_maintenance_date, next_maintenance_date, current_status, current_status_date, next_status, next_status_date, state, location_id, current_location_id, reg_number, message_date, message_type, user_name, car_id, employee_id) VALUES (459, 2016, 'lexus', 10156.22, '2018-04-21', '2018-04-21', 'ready', '2018-04-21', NULL, NULL, 'READY', 2, NULL, 'X716TA77', '2018-06-07 20:06:59.848', 'ADD', 'administrator1', 507, 3);
INSERT INTO public.car_event (id, year, mark, mileage, prev_maintenance_date, next_maintenance_date, current_status, current_status_date, next_status, next_status_date, state, location_id, current_location_id, reg_number, message_date, message_type, user_name, car_id, employee_id) VALUES (460, 1983, 'asd', 1000.10, '2018-06-06', '2018-06-06', 'asd', '2018-06-06', 'asd', '2018-06-06', 'READY', 123, NULL, 'asd', '2018-06-07 20:06:59.849', 'ADD', 'administrator1', 508, 3);
INSERT INTO public.car_event (id, year, mark, mileage, prev_maintenance_date, next_maintenance_date, current_status, current_status_date, next_status, next_status_date, state, location_id, current_location_id, reg_number, message_date, message_type, user_name, car_id, employee_id) VALUES (461, 1983, 'asd', 1000.10, '2018-06-06', '2018-06-06', 'asd', '2018-06-06', 'asd', '2018-06-06', 'READY', 123, NULL, 'asd', '2018-06-07 20:06:59.85', 'ADD', 'administrator1', 509, 3);
INSERT INTO public.car_event (id, year, mark, mileage, prev_maintenance_date, next_maintenance_date, current_status, current_status_date, next_status, next_status_date, state, location_id, current_location_id, reg_number, message_date, message_type, user_name, car_id, employee_id) VALUES (462, 1983, 'asd', 1000.10, '2018-06-06', '2018-06-06', 'asd', '2018-06-06', 'asd', '2018-06-06', 'READY', 123, NULL, 'asd', '2018-06-07 20:06:59.85', 'ADD', 'administrator1', 510, 3);
INSERT INTO public.car_event (id, year, mark, mileage, prev_maintenance_date, next_maintenance_date, current_status, current_status_date, next_status, next_status_date, state, location_id, current_location_id, reg_number, message_date, message_type, user_name, car_id, employee_id) VALUES (463, 1983, 'asd', 1000.10, '2018-06-06', '2018-06-06', 'asd', '2018-06-06', 'asd', '2018-06-06', 'READY', 123, NULL, 'asd', '2018-06-07 20:06:59.857', 'ADD', 'administrator1', 511, 3);
INSERT INTO public.car_event (id, year, mark, mileage, prev_maintenance_date, next_maintenance_date, current_status, current_status_date, next_status, next_status_date, state, location_id, current_location_id, reg_number, message_date, message_type, user_name, car_id, employee_id) VALUES (464, 2010, 'kia', 777755, '2018-06-07', '2018-06-07', '', '2018-06-07', '', '2018-06-07', 'READY', 123, NULL, '5555', '2018-06-07 20:06:59.857', 'ADD', 'administrator1', 526, 3);
INSERT INTO public.car_event (id, year, mark, mileage, prev_maintenance_date, next_maintenance_date, current_status, current_status_date, next_status, next_status_date, state, location_id, current_location_id, reg_number, message_date, message_type, user_name, car_id, employee_id) VALUES (465, 2010, 'ford', 3107642.18, '2018-02-26', '2018-04-29', 'DECOMMISSIONED', '2018-04-19', NULL, NULL, 'READY', 123, NULL, 'A675OB77', '2018-06-07 20:06:59.858', 'ADD', 'administrator1', 531, 3);
INSERT INTO public.car_event (id, year, mark, mileage, prev_maintenance_date, next_maintenance_date, current_status, current_status_date, next_status, next_status_date, state, location_id, current_location_id, reg_number, message_date, message_type, user_name, car_id, employee_id) VALUES (466, 2015, 'peugeot', 12456.37, '2017-12-04', '2017-12-13', 'ready', '2017-12-04', 'in_use', '2017-12-04', 'READY', 3, 2, 'T178HM199', '2018-06-07 20:06:59.858', 'ADD', 'administrator1', 527, 3);
INSERT INTO public.car_event (id, year, mark, mileage, prev_maintenance_date, next_maintenance_date, current_status, current_status_date, next_status, next_status_date, state, location_id, current_location_id, reg_number, message_date, message_type, user_name, car_id, employee_id) VALUES (467, 2015, 'peugeot', 12456.37, '2017-12-04', '2017-12-13', 'ready', '2017-12-04', 'in_use', '2017-12-04', 'READY', 3, 2, 'T178HM199', '2018-06-07 20:06:59.861', 'ADD', 'administrator1', 528, 3);
INSERT INTO public.car_event (id, year, mark, mileage, prev_maintenance_date, next_maintenance_date, current_status, current_status_date, next_status, next_status_date, state, location_id, current_location_id, reg_number, message_date, message_type, user_name, car_id, employee_id) VALUES (468, 2017, 'mazda', 12447.99, '2018-04-11', '2018-06-20', 'READY', '2018-05-07', 'in_use', '2018-06-08', 'READY', 123, NULL, 'T669HM99', '2018-06-07 20:06:59.871', 'ADD', 'administrator1', 532, 3);
INSERT INTO public.car_event (id, year, mark, mileage, prev_maintenance_date, next_maintenance_date, current_status, current_status_date, next_status, next_status_date, state, location_id, current_location_id, reg_number, message_date, message_type, user_name, car_id, employee_id) VALUES (469, 1983, 'asd', 1000.10, '2018-06-06', '2018-06-06', 'ТЕСТОВЫЙ АВТО', '2018-06-06', 'asd', '2018-06-06', 'READY', 123, NULL, 'asd', '2018-06-07 20:19:05.385', 'DELETE', 'administrator1', 513, 3);
INSERT INTO public.car_event (id, year, mark, mileage, prev_maintenance_date, next_maintenance_date, current_status, current_status_date, next_status, next_status_date, state, location_id, current_location_id, reg_number, message_date, message_type, user_name, car_id, employee_id) VALUES (470, 1983, 'asd', 1000.10, '2018-06-06', '2018-06-06', 'asd', '2018-06-06', 'asd', '2018-06-06', 'READY', 123, NULL, 'asd', '2018-06-07 20:21:24.353', 'DELETE', 'administrator1', 512, 3);
INSERT INTO public.car_event (id, year, mark, mileage, prev_maintenance_date, next_maintenance_date, current_status, current_status_date, next_status, next_status_date, state, location_id, current_location_id, reg_number, message_date, message_type, user_name, car_id, employee_id) VALUES (336, 2012, 'kia', 2347562.53, '2018-04-17', '2018-05-07', 'decommissioned', '2018-05-31', 'in_service', '2018-07-05', 'DECOMMISSIONED', 3, 3, 'H597TB99', '2018-06-07 19:43:54.345', 'UPDATE', 'rental_manager2', 9, 3);



ALTER SEQUENCE user_info_id_seq RESTART WITH 500;
ALTER SEQUENCE employee_id_seq RESTART WITH 500;
ALTER SEQUENCE car_event_id_seq RESTART WITH 500;
ALTER SEQUENCE location_id_seq RESTART WITH 500;

UPDATE employee set active = true;
update public.car_event set message_date = current_date -1;